年齢,D.aeruginosa,イソフラボン(ISO),サーディン(hSAD),HOLLY(HoL),トシトクジン(TTJ),S315,ドギュウドウジ(DgDJ),TsuINA,Gennma,mut,WT
23,1096.72,45,20,100,250,75,0,0,0,0.17,0.83
24,403.45,35,20,0,250,75,0,0,0,0.16,0.84
25,148.513,20,20,0,0,75,0,0,0,0.15,0.85
26,54.611,20,20,0,0,75,0,0,0,0.15,0.85
27,20.136,20,20,0,0,75,0,0,200,0.15,0.85
28,7.401,20,20,0,0,75,0,0,0,0.13,0.87
29,2.781,20,20,0,0,75,0,0,0,0.13,0.87
30,1.002,20,20,0,0,75,0,0,0,0.08,0.92
31,0.369,20,20,0,0,75,430,0,0,0.07,0.93
32,0.223,20,20,0,0,75,430,0,0,0.03,0.97
33,0.085,10,20,0,250,200,430,0,0,0.01,0.99
34,485.184,57,20,100,250,0,0,9.52,200,0.49,0.51
35,4372.364,47,20,0,250,0,0,9.29,0,0.45,0.55
36,1044.998,20,20,0,0,0,0,9.05,0,0.44,0.56
37,781.225,20,20,0,0,0,0,8.81,0,0.43,0.57
38,4865.563,20,20,0,0,0,0,8.57,0,0.4,0.6
39,3588.864,20,20,0,0,0,0,8.33,0,0.37,0.63
40,3.321,20,20,0,0,0,0,8.1,0,0.32,0.68
41,0.192,20,20,0,0,0,0,7.86,0,0.3,0.7
42,0.099,20,20,0,0,0,0,7.62,0,0.29,0.71
43,0.055,20,20,0,0,0,0,7.38,0,0.27,0.73
44,0.093,20,20,0,0,0,0,7.14,0,0.24,0.76
45,0.03,20,20,0,0,0,0,6.9,0,0.21,0.79
46,0.009,20,20,0,0,0,0,6.67,0,0.2,0.8
47,0.077,20,20,0,0,0,0,6.43,0,0.16,0.84
48,0.082,20,20,0,0,0,0,6.19,0,0.14,0.86
49,0.061,20,20,0,0,0,0,5.95,0,0.1,0.9
50,0.071,20,20,0,0,0,0,5.71,0,0.09,0.91
51,0.061,20,20,0,0,0,0,5.48,0,0.08,0.92
52,0.029,20,20,0,0,0,0,5.24,0,0.04,0.96
53,0.066,20,20,0,0,0,0,5,0,0.03,0.97
54,0.015,20,20,0,0,0,0,4.76,0,0.01,0.99
